﻿INSERT INTO [dbo].[Role] ( [name], [description])
VALUES ( 'Customer', 'A person use your shopping service '),
       ( 'Sale', 'Sells products, interacts with customers.'),
	   ( 'Marketing', 'Creates campaigns, attracts and retains customers.'),
	   ( 'Admin', 'A person who is the owner of website ');
	   GO
INSERT INTO [dbo].[User] ([id], [email], [password],  [roleID], [confirmation], [status], [fullName], [gender], [imageURL], [Date])
VALUES 
	-- Password la : Phuclam2810@
	(1,  'lamtphe171216@fpt.edu.vn','4e01c1bb125457c608b9e053452967de',  1, 1, 1, 'Phuc Lam', 1, 'phuclam.jpg','2022-1-10'),
    (2,  'anhnhhe172682@fpt.edu.vn','4e01c1bb125457c608b9e053452967de',  2, 1, 1, 'Hoang Anh', 1, 'avatar.jpg', '2022-12-2'),
	(3,  'angpdhe173101@fpt.edu.vn','4e01c1bb125457c608b9e053452967de',  3, 1, 1, 'Duy Anh', 1, 'avatar.jpg','2022-5-9'),
	(4,  'manhvdhe150847@fpt.edu.vn','4e01c1bb125457c608b9e053452967de',  4, 1, 1, 'Manh', 1, 'avatar.jpg', '2023-3-10'),
	(5, 'newuser1@example.com', '4e01c1bb125457c608b9e053452967de', 1, 1, 0, 'New User 1', 1, 'avatar.jpg','2022-2-13'),
	(6, 'JaneDoe@gmail.com', '4e01c1bb125457c608b9e053452967de', 1, 1, 1, 'Jane Doe', 0, 'avatar.jpg','2022-7-1'),
    (7, 'LilyMiller@gmail.com', '4e01c1bb125457c608b9e053452967de', 1, 1, 1, 'Alice Smith', 0, 'avatar.jpg','2023-1-1'),
    (8, 'BobJohnson@gmail.com', '4e01c1bb125457c608b9e053452967de', 1, 1, 0, 'Bob Johnson', 1, 'avatar.jpg','2020-1-19'),
    (9, 'EmmaBrown@gmail.com', '4e01c1bb125457c608b9e053452967de', 1, 1, 0, 'Emma Brown', 0, 'avatar.jpg','2022-1-17'),
    (10, 'MichaelSmith@gmail.com', '4e01c1bb125457c608b9e053452967de', 1, 1, 0, 'John Doe', 1, 'avatar.jpg','2024-1-1'),
    (11, 'SarahJones@gmail.com', '4e01c1bb125457c608b9e053452967de', 1, 1, 0, 'Sarah Jones', 0, 'avatar.jpg','2024-2-29'),
    (12, 'JohnDoe@gmail.com', '4e01c1bb125457c608b9e053452967de', 1, 1, 1, 'Michael Smith', 1, 'avatar.jpg','2023-7-10'),
    (13, 'EmilyJohnson@gmail.com', '4e01c1bb125457c608b9e053452967de', 1, 1, 1, 'Emily Johnson', 0, 'avatar.jpg', '2022-11-20'),
    (14, 'EthanMartinez@gmail.com', '4e01c1bb125457c608b9e053452967de', 1, 1, 0, 'Daniel Brown', 1, 'avatar.jpg','2024-3-01'),
    (15, 'MeganDavis@gmail.com', '4e01c1bb125457c608b9e053452967de', 1, 1, 1, 'Megan Davis', 0, 'avatar.jpg', '2024-3-01'),
    (16, 'JamesWilson@gmail.com', '4e01c1bb125457c608b9e053452967de', 1, 1, 0, 'James Wilson', 1, 'avatar.jpg','2020-1-1' ),
    (17, 'AliceSmith@gmail.com', '4e01c1bb125457c608b9e053452967de', 1, 1, 0, 'Lily Miller', 0, 'avatar.jpg','2022-1-25'),
    (18, 'DavidWilson@gmail.com', '4e01c1bb125457c608b9e053452967de', 1, 1, 1, 'David Wilson', 1, 'avatar.jpg','2022-3-8'),
    (19, 'SophiaTaylor@gmail.com', '4e01c1bb125457c608b9e053452967de', 1, 1, 0, 'Sophia Taylor', 0, 'avatar.jpg','2023-7-8'),
    (20, 'DanielBrown@gmail.com', '4e01c1bb125457c608b9e053452967de', 1, 1, 1, 'Ethan Martinez', 1, 'avatar.jpg','2022-3-28'),
    (21, 'user01@gmail.com', '4e01c1bb125457c608b9e053452967de', 1, 1, 1, 'Ethan Martinez1', 1, 'avatar.jpg','2024-2-28'),
    (22, 'user02@gmail.com', '4e01c1bb125457c608b9e053452967de', 1, 1, 1, 'Ethan Martinez2', 1, 'avatar.jpg','2024-3-01'),
    (23, 'user03@gmail.com', '4e01c1bb125457c608b9e053452967de', 1, 1, 1, 'Ethan Martinez3', 1, 'avatar.jpg','2024-3-01'),
    (24, 'user04@gmail.com', '4e01c1bb125457c608b9e053452967de', 1, 1, 1, 'Ethan Martinez4', 1, 'avatar.jpg','2024-2-28'),
    (25, 'user05@gmail.com', '4e01c1bb125457c608b9e053452967de', 1, 1, 1, 'Ethan Martinez5', 1, 'avatar.jpg','2024-1-28'),
    (26, 'user06@gmail.com', '4e01c1bb125457c608b9e053452967de', 1, 1, 1, 'Ethan Martinez6', 1, 'avatar.jpg','2024-3-01'),
    (27, 'user07@gmail.com', '4e01c1bb125457c608b9e053452967de', 1, 1, 1, 'Ethan Martinez', 1, 'avatar.jpg','2024-2-28'),
    (28, 'user08@gmail.com', '4e01c1bb125457c608b9e053452967de', 1, 1, 1, 'Ethan Martinez', 1, 'avatar.jpg','2024-2-28'),
    (29, 'user09@gmail.com', '4e01c1bb125457c608b9e053452967de', 1, 1, 1, 'Ethan Martinez', 1, 'avatar.jpg','2024-2-28'),
    (30, 'user10@gmail.com', '4e01c1bb125457c608b9e053452967de', 1, 1, 1, 'Ethan Martinez', 1, 'avatar.jpg','2024-3-28'),
    (31, 'user11@gmail.com', '4e01c1bb125457c608b9e053452967de', 1, 1, 1, 'Ethan Martinez', 1, 'avatar.jpg','2024-1-28'),
    (32, 'user12@gmail.com', '4e01c1bb125457c608b9e053452967de', 1, 1, 1, 'Ethan Martinez', 1, 'avatar.jpg','2024-1-28'),
    (33, 'user13@gmail.com', '4e01c1bb125457c608b9e053452967de', 1, 1, 1, 'Ethan Martinez', 1, 'avatar.jpg','2024-1-28'),
    (34, 'user16@gmail.com', '4e01c1bb125457c608b9e053452967de', 1, 1, 1, 'Ethan Martinez', 1, 'avatar.jpg','2024-3-01'),
    (35, 'user17@gmail.com', '4e01c1bb125457c608b9e053452967de', 1, 1, 1, 'Ethan Martinez', 1, 'avatar.jpg','2024-3-28'),
    (36, 'user18@gmail.com', '4e01c1bb125457c608b9e053452967de', 1, 1, 1, 'Ethan Martinez', 1, 'avatar.jpg','2024-3-01'),
    (37, 'user19@gmail.com', '4e01c1bb125457c608b9e053452967de', 1, 1, 1, 'Ethan Martinez', 1, 'avatar.jpg','2024-3-28'),
    (38, 'user20@gmail.com', '4e01c1bb125457c608b9e053452967de', 1, 1, 1, 'Ethan Martinez', 1, 'avatar.jpg','2024-3-28'),
    (39, 'user21@gmail.com', '4e01c1bb125457c608b9e053452967de', 1, 1, 1, 'Ethan Martinez', 1, 'avatar.jpg','2024-3-28'),
    (40, 'user22@gmail.com', '4e01c1bb125457c608b9e053452967de', 1, 1, 1, 'Ethan Martinez', 1, 'avatar.jpg','2024-3-25'),
    (41, 'user23@gmail.com', '4e01c1bb125457c608b9e053452967de', 1, 1, 1, 'Ethan Martinez', 1, 'avatar.jpg','2024-3-26'),
    (42, 'user24@gmail.com', '4e01c1bb125457c608b9e053452967de', 1, 1, 1, 'Ethan Martinez', 1, 'avatar.jpg','2024-3-27'),
    (43, 'user25@gmail.com', '4e01c1bb125457c608b9e053452967de', 1, 1, 1, 'Ethan Martinez', 1, 'avatar.jpg','2024-3-27'),
    (44, 'user26@gmail.com', '4e01c1bb125457c608b9e053452967de', 1, 1, 1, 'Ethan Martinez', 1, 'avatar.jpg','2024-3-20'),
    (45, 'user27@gmail.com', '4e01c1bb125457c608b9e053452967de', 1, 1, 1, 'Ethan Martinez', 1, 'avatar.jpg','2024-3-20'),
    (46, 'user28@gmail.com', '4e01c1bb125457c608b9e053452967de', 1, 1, 1, 'Ethan Martinez', 1, 'avatar.jpg','2024-3-21'),
    (47, 'user29@gmail.com', '4e01c1bb125457c608b9e053452967de', 1, 1, 1, 'Ethan Martinez', 1, 'avatar.jpg','2024-3-22'),
    (48, 'user30@gmail.com', '4e01c1bb125457c608b9e053452967de', 1, 1, 1, 'Ethan Martinez', 1, 'avatar.jpg','2024-3-23'),
    (49, 'user31@gmail.com', '4e01c1bb125457c608b9e053452967de', 1, 1, 1, 'Ethan Martinez', 1, 'avatar.jpg','2024-3-23'),
    (50, 'user32@gmail.com', '4e01c1bb125457c608b9e053452967de', 1, 1, 1, 'Ethan Martinez', 1, 'avatar.jpg','2024-3-24'),
    (51, 'user33@gmail.com', '4e01c1bb125457c608b9e053452967de', 1, 1, 1, 'Ethan Martinez', 1, 'avatar.jpg','2024-3-25'),
    (52, 'user34@gmail.com', '4e01c1bb125457c608b9e053452967de', 1, 1, 1, 'Ethan Martinez', 1, 'avatar.jpg','2024-3-25'),
    (53, 'user35@gmail.com', '4e01c1bb125457c608b9e053452967de', 1, 1, 1, 'Ethan Martinez', 1, 'avatar.jpg','2024-3-26'),
    (54, 'user36@gmail.com', '4e01c1bb125457c608b9e053452967de', 1, 1, 1, 'Ethan Martinez', 1, 'avatar.jpg','2024-3-26'),
    (55, 'user37@gmail.com', '4e01c1bb125457c608b9e053452967de', 1, 1, 1, 'Ethan Martinez', 1, 'avatar.jpg','2024-3-26'),
    (56, 'user38@gmail.com', '4e01c1bb125457c608b9e053452967de', 1, 1, 1, 'Ethan Martinez', 1, 'avatar.jpg','2024-3-27'),
    (57, 'user39@gmail.com', '4e01c1bb125457c608b9e053452967de', 1, 1, 1, 'Ethan Martinez', 1, 'avatar.jpg','2024-3-28'),
    (58, 'user40@gmail.com', '4e01c1bb125457c608b9e053452967de', 1, 1, 1, 'Ethan Martinez', 1, 'avatar.jpg','2024-3-28');
	   GO

INSERT INTO [dbo].[ContactInfo](id,fullName, phone,note,userID, [Address],[email])
Values
(1,'Phuc Lam', '0963102810','Use Phone',1, 'Nam Dinh','phuclamtran2810@gmail.com'),
(2,'Hoang Anh', '123456789','Use Phone',2, 'Ha Noi','anhnhhe172682@fpt.edu.vn'),
(3,'Duy Anh', '987654321','Use Phone',3, 'Ha Nam', 'angpdhe173101@fpt.edu.vn'),
(4,'Manh', '123456789','Use Phone',4, 'Ha Noi','manhvdhe150847@fpt.edu.vn'),
(5, 'New User 1', '987654321', 'Use Email', 5, 'New Address 1','newuser1@example.com'),
    (6, 'Jane Doe', '123456789', 'Use Email', 6, 'New York','newuser1@example.com'),
    (7, 'Alice Smith', '987654321', 'Use Email', 7, 'Los Angeles','newuser1@example.com'),
    (8, 'Bob Johnson', '555555555', 'Use Email', 8, 'Chicago','newuser1@example.com'),
    (9, 'Emma Brown', '444444444', 'Use Email', 9, 'Houston','newuser1@example.com'),
    (10, 'John Doe', '123456789', 'Use Email', 10, 'San Francisco','newuser1@example.com'),
    (11, 'Sarah Jones', '111111111', 'Use Email', 11, 'Seattle','newuser1@example.com'),
    (12, 'Michael Smith', '222222222', 'Use Email', 12, 'Dallas','newuser1@example.com'),
    (13, 'Emily Johnson', '333333333', 'Use Email', 13, 'Miami','newuser1@example.com'),
    (14, 'Daniel Brown', '444444444', 'Use Email', 14, 'Denver','newuser1@example.com'),
    (15, 'Megan Davis', '555555555', 'Use Email', 15, 'Boston','newuser1@example.com'),
    (16, 'James Wilson', '666666666', 'Use Email', 16, 'Atlanta','newuser1@example.com'),
    (17, 'Lily Miller', '777777777', 'Use Email', 17, 'Phoenix','newuser1@example.com'),
    (18, 'David Wilson', '888888888', 'Use Email', 18, 'Las Vegas','newuser1@example.com'),
    (19, 'Sophia Taylor', '999999999', 'Use Email', 19, 'Portland','newuser1@example.com'),
    (20, 'Ethan Martinez', '1010101010', 'Use Email', 20, 'San Diego','newuser1@example.com')

GO
INSERT INTO [dbo].[Category] ( name, description)
VALUES 
( 'Smartphone', 'Handheld device for communication and entertainment'),
( 'Laptop', 'Portable personal computer with a clamshell design'),
( 'Tablet', 'Touchscreen device larger than a smartphone'),
( 'Smartwatch', 'Wearable device providing smartphone-like features'),
( 'Accessory', 'Additional equipment enhancing device functionality');
GO
INSERT INTO [dbo].[Product] ( name, categoryID, price, description, image,[status],season) 
VALUES 
( 'Iphone 14 Pro', 01, 100000, 'Good product', 'iphone_14pro.jpg',1,'spring'),
( 'Iphone 14 Pro Max', 01, 100000, 'Good product', 'iphone_14promax.jpg',1,'spring'),
( 'Iphone 15', 01, 100000, 'Good product', 'iphone_15.jpg',1,'spring'),
( 'Iphone 15 Plus', 01, 100000, 'Good product', 'iphone_15plus.jpg',1,'spring'),
( 'Iphone 15 Pro', 01, 100000, 'Good product', 'iphone_15pro.jpg',1,'spring'),
( 'Acer Aspire 3', 02, 100000, 'Good product', 'acer_a3.jpg',1,'summer'),
( 'Acer Aspire 5', 02, 100000, 'Good product', 'acer_a5.jpg',1,'summer'),
( 'Acer Aspire 7', 02, 100000, 'Good product', 'acer_a7.jpg',1,'summer'),
( 'Acer Swift 3', 02, 100000, 'Good product', 'acer_sw3.jpg',1,'summer'),
( 'Acer Nitro 5', 02, 100000, 'Good product', 'acer_n5.jpg',1,'summer'),
( 'SS Galaxy Tab A9', 03, 100000, 'Good product', 'ss_ga_a9.jpg',1,'summer'),
( 'SS Galaxy Tab A9+', 03, 100000, 'Good product', 'ss_ga_a9plus.jpg',1,'summer'),
( 'SS Galaxy Tab S9', 03, 100000, 'Good product', 'ss_ga_s9.jpg',1,'summer'),
('SS Galaxy Tab S9+', 03, 100000, 'Good product', 'ss_ga_s9plus.jpg',1,'summer'),
( 'Ipad Air 5 M1', 03, 100000, 'Good product', 'ipad_air5_m1.jpg',1,'summer'),
( 'Amazfit T-Rex Ultra', 04, 100000, 'Good product', 'amf_trex.jpg',1,'autumn'),
( 'Amazfit GTS 4 mini', 04, 100000, 'Good product', 'amf_gts4_mini.jpg',1,'autumn'),
( 'Amazfit GTR mini', 04, 100000, 'Good product', 'amf_gtr_mini.jpg',1,'autumn'),
( 'Amazfit Cheetah', 04, 100000, 'Good product', 'amf_cheetah.jpg',1,'autumn'),
( 'Amazfit Bip 5', 04, 100000, 'Good product', 'amf_bip5.jpg',1,'autumn'),
( 'Anker 30W A1256', 05, 100000, 'Good product', 'anker_30W.jpg',1,'winter'),
( 'Anker MagGo 20W A1641', 05, 100000, 'Good product', 'anker_maggo_20W.jpg',1,'winter'),
( 'Anker Nano 3 A2147 Charger', 05, 100000, 'Good product', 'anker_nano3_30W.jpg',1,'winter'),
( 'Anker 737 Cube Y1811 MagSafe 3 in 1', 05, 100000, 'Good product', 'anker_magsafe3.jpg',1,'winter'),
( 'Xiaomi Redmi Buds 5 Pro True Wireless', 05, 100000, 'Good product', 'xm_redmibud5pro.jpg',1,'winter');
GO

SELECT * from [dbo].[Product_Favorite]
insert into [dbo].[Product_Favorite](userID, productID)
Values
(29, 3),
(40, 12),
(25, 4),
(18, 5),
(46, 22),
(52, 11),
(35, 21),
(11, 8),
(31, 15),
(13, 24),
(48, 9),
(41, 18),
(51, 10),
(12, 17),
(30, 20),
(38, 13),
(47, 1),
(4, 6),
(14, 14),
(5, 2),
(54, 23),
(42, 16),
(53, 19),
(9, 25),
(7, 7),
(56, 1),
(26, 3),
(33, 9),
(37, 4),
(44, 7),
(16, 6),
(36, 24),
(2, 11),
(34, 19),
(19, 16),
(50, 15),
(8, 18),
(15, 5),
(27, 22),
(49, 13),
(21, 8),
(45, 21),
(10, 12),
(17, 20),
(28, 17),
(55, 10),
(22, 14),
(32, 2),
(3, 23),
(39, 25),
(20, 1),
(23, 16),
(24, 20),
(43, 3),
(1, 25),
(6, 22);



GO

INSERT INTO [dbo].[Slider] ( [name], [description], [url], [image], [status])
VALUES
( 'Slider_1', 'Welcome to our shop!', '/shopp', '1.png',1),
( 'Slider_2', 'New product arrive!', '/shopp', '2.png',1),
( 'Slider_3', 'Sale off!', '/shopp', '3.png',1);
GO

INSERT INTO BlogCategory (categoryName)
VALUES
('Product Reviews'),
('Tech News'),
('Guides, Tips and Tricks'),
('Other');

INSERT INTO Blog (categoryID, authorID, image, title, opening, content)
VALUES
(4, 1, 'b1.png', 
'Top 5 products with amazing features', 'Explore our top 5 products, each packed with innovative features that are designed to enhance your tech experience.', 
'Later'),
(4, 1, 'b2.jpg', 
'Visit Samsung factory in Korea', 'Embark on a fascinating journey through the Samsung factory in Korea, where cutting-edge technology meets meticulous craftsmanship.', 
'Later'),
(4, 1, 'b3.jpg', 'Happy New Year!', 'Wishing all our shop members a Happy New Year filled with joy, prosperity, and success.', 
'Later'),
(3, 1, 'b4.jpg', 'Useful cleaning tips when using laptop', 'Discover useful cleaning tips to keep your laptop in pristine condition and ensure its optimal performance.', 
'Later'),
(2, 1, 'b5.jpg', 
'Apple launches new VR products in 2024', 'Get the latest updates on Apple new VR products launched in 2024.', 
'Later'),
(1, 1, 'b6.jpg', 
'In depth review of Mi Band 5 Smartwatch', 'Join us as we delve into the features and performance of the Mi Band 5 Smartwatch.', 
'Later'),
(3, 1, 'b7.jpg', 'Tricks to make your phone smoother', 'Discover tricks and tips to enhance the performance of your phone.', 
'Later'),
(1, 2, 'b8.jpg', 
'Comparing the latest smartphones', 'A comprehensive comparison of the newest smartphones in the market, helping you choose the perfect one for your needs.', 
'Later'),
(2, 3, 'b9.png', 
'The rise of AI in healthcare', 'Explore how artificial intelligence is revolutionizing the healthcare industry and its potential impact on patient care.', 
'Later'),
(3, 2, 'b10.jpg', 'Quick and easy DIY tech fixes', 'Learn simple do-it-yourself solutions for common tech issues that can save you time and money.', 
'Later'),
(4, 3, 'b11.jpg', 
'Top 10 must-have gadgets of 2024', 'Discover the latest must-have gadgets that are shaping the future of technology and innovation.', 
'Later'),
(2, 4, 'b12.jpg', 
'Breaking news: SpaceX announces Mars mission', 'Get the scoop on SpaceX''s ambitious plans for a manned mission to Mars and what it means for the future of space exploration.', 
'Later'),
(1, 2, 'b13.jpg', 
'Review: Sony Xperia Z8', 'An in-depth review of the Sony Xperia Z8, highlighting its design, performance, and unique features.', 
'Later'),
(3, 3, 'b14.jpg', 'Essential software for productivity', 'Explore essential software tools that can boost your productivity and streamline your workflow.', 
'Later'),
(4, 4, 'b15.jpg', 
'The future of renewable energy', 'Learn about the latest advancements in renewable energy technology and how it is shaping a more sustainable future.', 
'Later'),
(2, 2, 'b16.jpg', 
'Interview with AI expert Dr. Emily Chen', 'An exclusive interview with Dr. Emily Chen, a leading expert in artificial intelligence, discussing the latest trends and developments in the field.', 
'Later'),
(1, 4, 'b17.jpg', 
'Top 5 budget-friendly smartphones', 'Discover the best budget-friendly smartphones that offer great value without breaking the bank.', 
'Later');
GO

DECLARE @blogContent NVARCHAR(MAX);
SET @blogContent = 'Our online shop is a humble venture, run by a group of enthusiastic students with a passion for technology. 
We offer a curated selection of tech products, carefully chosen for their quality and value. Despite our size, we strive to provide an exceptional shopping experience, 
with easy navigation, detailed product descriptions, and prompt customer service. We believe that technology should be accessible to everyone, and we are committed to making it so through our online shop.';

UPDATE Blog
SET content = @blogContent;

UPDATE Blog
SET date_posted = DATEADD(DAY, -ABS(CHECKSUM(NEWID()) % 30), GETDATE())


GO

INSERT INTO Comment (PostUserID, BlogID, CommentContent)
VALUES
(1, 1, 'This is a comment from user 1 on blog 1'),
(2, 1, 'This is a comment from user 2 on blog 1'),
(1, 2, 'This is a comment from user 1 on blog 2'),
(2, 2, 'This is a comment from user 2 on blog 2'),
(1, 3, 'This is a comment from user 1 on blog 3'),
(2, 3, 'This is a comment from user 2 on blog 3'),
(1, 4, 'This is a comment from user 1 on blog 4'),
(2, 4, 'This is a comment from user 2 on blog 4'),
(1, 5, 'This is a comment from user 1 on blog 5'),
(2, 5, 'This is a comment from user 2 on blog 5'),
(1, 6, 'This is a comment from user 1 on blog 6'),
(2, 6, 'This is a comment from user 2 on blog 6'),
(1, 7, 'This is a comment from user 1 on blog 7'),
(2, 7, 'This is a comment from user 2 on blog 7');
GO

INSERT INTO SalePrice ( productID, startDate, endDate, price) VALUES
( 1, '2023-12-01', '2024-12-31', 900),
( 2, '2023-12-15', '2024-12-31', 600),
( 3, '2023-12-01', '2024-12-31', 300),
( 4, '2023-12-15', '2024-12-31', 800),
( 5, '2023-12-01', '2024-12-31', 900),
( 6, '2023-12-15', '2024-12-31', 200),
( 7, '2023-12-01', '2024-12-31', 400),
( 8, '2023-12-15', '2024-12-31', 500),
( 9, '2023-12-01', '2024-12-31', 600),
(10, '2023-12-15', '2024-12-31',500),
( 11, '2023-12-01', '2024-12-31', 600),
( 12, '2023-12-15', '2024-12-31', 700),
( 13, '2023-12-01', '2024-12-31', 300),
( 14, '2023-12-01', '2024-12-31', 500),
( 15, '2023-12-15', '2024-12-31', 300),
( 16, '2023-12-01', '2024-12-31', 400),
( 17, '2023-12-01', '2024-12-31', 600),
( 18, '2023-12-01', '2024-12-31', 300),
( 19, '2023-12-01', '2024-12-31', 700),
( 20, '2023-12-01', '2024-12-31', 800),
( 21, '2023-12-15', '2024-12-31', 400),
( 22, '2023-12-01', '2024-12-31', 300),
( 23, '2023-12-15', '2024-12-31', 800),
( 24, '2023-12-01', '2024-12-31', 600),
( 25, '2023-12-01', '2024-12-31', 170);

GO
INSERT INTO ProductStock ( productID, userID, quantity, date) VALUES
( 1, 1, 100, '2023-12-01'),
( 2, 1, 100, '2023-12-02'),
( 3, 1, 100, '2023-12-03'),
( 4, 1, 100, '2023-12-01'),
( 5, 1, 100, '2023-12-01'),
( 6, 1, 100, '2023-12-02'),
( 7, 1, 100, '2023-12-03'),
( 8, 1, 100, '2023-12-01'),
( 9, 1, 100, '2023-12-01'),
( 10, 1, 100, '2023-12-02'),
( 11, 1, 100, '2023-12-03'),
( 12, 1, 100, '2023-12-01'),
( 13, 1, 100, '2023-12-01'),
( 14, 1, 100, '2023-12-02'),
( 15, 1, 100, '2023-12-03'),
( 16, 1, 100, '2023-12-01'),
( 17, 1, 100, '2023-12-01'),
( 18, 1, 100, '2023-12-02'),
( 19, 1, 100, '2023-12-03'),
( 20, 1, 100, '2023-12-01'),
( 21, 1, 100, '2023-12-01'),
( 22, 1, 100, '2023-12-02'),
( 23, 1, 100, '2023-12-03'),
( 24, 1, 100, '2023-12-01'),
( 25, 1, 100, '2023-12-01');

INSERT INTO AfterChange ( [phone])
VALUES 
( '123456789');

INSERT INTO AfterChange ( [Address])
VALUES 
( 'Ha Noi');

INSERT INTO AfterChange ([fullName])
VALUES 
('Phuc Lam'),
('Hoang Anh'),
('Manh'),
('Emma Brown'),
('John Doe'),
('Sarah Jones'),
('Phuc Lam'),
('Emily Johnson'),
('Daniel Brown'),
('Megan Davis'),
('Phuc Lam'),
('Phuc Lam'),
('Phuc Lam'),
('Ethan Martinez');

INSERT INTO BeforeChange ([phone])
VALUES 
( '0963102810');

INSERT INTO BeforeChange ( [Address])
VALUES 
( 'New Address 1');

INSERT INTO BeforeChange ([fullName])
VALUES 
('New User 1'),
('Jane Doe'),
('Alice Smith'),
('Bob Johnson'),
('Emma Brown'),
('John Doe'),
('Sarah Jones'),
('Michael Smith'),
('Emily Johnson'),
('Daniel Brown'),
('Megan Davis'),
('James Wilson'),
('Lily Miller'),
('David Wilson');


INSERT INTO History (userID, editerID, dateChange, afterID, beforeID)
VALUES 
(1, 3, '2023-12-01', 1, 1),
(5, 3, '2023-12-01', 2, 2),
(6, 3, '2023-12-01', 3, 3),
(7, 3, '2023-12-01', 4, 4),
(8, 3, '2023-12-01', 5, 5),
(9, 3, '2023-12-01', 6, 6),
(10, 3, '2023-12-01', 7, 7),
(11, 3, '2023-12-01', 8, 8),
(12, 3, '2023-12-01', 9, 9),
(13, 3, '2023-12-01', 10, 10),
(14, 4, '2023-12-01', 11, 11),
(15, 4, '2023-12-01', 12, 12),
(16, 4, '2023-12-01', 13, 13),
(17, 4, '2023-12-01', 14, 14),
(18, 4, '2023-12-01', 15, 15),
(19, 4, '2023-12-01', 16, 16);



GO

INSERT INTO [dbo].[OrderStatus] ([name], [description])
VALUES 
    ('wait', 'Description for Status1'),
    ('processing', 'Description for Status2'),
    ('done', 'Description for StatusN');
	GO

	
	INSERT INTO [dbo].[Order] ([userID], [contactInfoID], [date], [note], [statusID])
VALUES 
    (24, 6, '2024-02-17', 'Note for Order 1', 1),
(38, 7, '2024-03-01', 'Note for Order 2', 2),
(15, 8, '2024-02-28', 'Note for Order 2', 3),
(35, 9, '2024-03-05', 'Note for Order 2', 2),
(9, 10, '2024-02-24', 'Note for Order 2', 3),
(11, 11, '2024-03-01', 'Note for Order 2', 3),
(3, 12, '2024-03-04', 'Note for Order 3', 3),
(39, 6, '2024-02-17', 'Note for Order 1', 3),
(5, 7, '2024-03-04', 'Note for Order 2', 3),
(18, 8, '2024-02-22', 'Note for Order 2', 3),
(50, 9, '2024-03-02', 'Note for Order 2', 3),
(46, 10, '2024-02-27', 'Note for Order 2', 3),
(48, 11, '2024-02-23', 'Note for Order 2', 3),
(54, 12, '2024-03-04', 'Note for Order 3', 3),
(15, 6, '2024-02-19', 'Note for Order 1', 3),
(22, 7, '2024-02-29', 'Note for Order 2', 3),
(40, 8, '2024-02-26', 'Note for Order 2', 3),
(31, 9, '2024-03-05', 'Note for Order 2', 3),
(10, 10, '2024-02-23', 'Note for Order 2', 3),
(12, 11, '2024-03-06', 'Note for Order 2', 3),
(36, 12, '2024-02-23', 'Note for Order 3', 3),
(5, 6, '2024-02-20', 'Note for Order 1', 3),
(19, 7, '2024-03-01', 'Note for Order 2', 3),
(2, 8, '2024-02-26', 'Note for Order 2', 3),
(33, 9, '2024-02-29', 'Note for Order 2', 3),
(8, 10, '2024-03-01', 'Note for Order 2', 3),
(14, 11, '2024-02-28', 'Note for Order 2', 3),
(19, 12, '2024-03-05', 'Note for Order 3', 3),
(51, 6, '2024-02-21', 'Note for Order 1', 3),
(27, 7, '2024-03-02', 'Note for Order 2', 3),
(20, 8, '2024-02-27', 'Note for Order 2', 3),
(11, 9, '2024-03-02', 'Note for Order 2', 3),
(24, 10, '2024-03-03', 'Note for Order 2', 3),
(1, 11, '2024-03-01', 'Note for Order 2', 3),
(30, 12, '2024-02-27', 'Note for Order 3', 3),
(17, 6, '2024-02-17', 'Note for Order 1', 3),
(26, 7, '2024-02-29', 'Note for Order 2', 3),
(44, 8, '2024-02-26', 'Note for Order 2', 3),
(32, 9, '2024-03-06', 'Note for Order 2', 3),
(4, 10, '2024-02-26', 'Note for Order 2', 3),
(21, 11, '2024-03-04', 'Note for Order 2', 3),
(42, 12, '2024-03-04', 'Note for Order 3', 3),
(34, 6, '2024-02-22', 'Note for Order 1', 3),
(23, 7, '2024-03-04', 'Note for Order 2', 3),
(7, 8, '2024-02-28', 'Note for Order 2', 3),
(29, 9, '2024-03-04', 'Note for Order 2', 3),
(20, 10, '2024-02-29', 'Note for Order 2', 3),
(13, 11, '2024-03-03', 'Note for Order 2', 3),
(28, 12, '2024-03-03', 'Note for Order 3', 3),
(50, 6, '2024-02-17', 'Note for Order 1', 3),
(3, 7, '2024-02-28', 'Note for Order 2', 3),
(31, 8, '2024-02-27', 'Note for Order 2', 3),
(9, 9, '2024-03-01', 'Note for Order 2', 3),
(25, 10, '2024-02-27', 'Note for Order 2', 3),
(13, 11, '2024-02-22', 'Note for Order 2', 3),
(22, 12, '2024-03-03', 'Note for Order 3', 3),
(33, 6, '2024-02-18', 'Note for Order 1', 3),
(14, 7, '2024-03-03', 'Note for Order 2', 3),
(43, 8, '2024-03-03', 'Note for Order 2', 3),
(27, 9, '2024-02-29', 'Note for Order 2', 3),
(21, 10, '2024-02-22', 'Note for Order 2', 3),
(2, 11, '2024-03-05', 'Note for Order 2', 3),
(47, 12, '2024-03-04', 'Note for Order 3', 3),
(16, 6, '2024-02-20', 'Note for Order 1', 3),
(25, 7, '2024-03-03', 'Note for Order 2', 3),
(45, 8, '2024-02-28', 'Note for Order 2', 3),
(6, 9, '2024-02-29', 'Note for Order 2', 3),
(16, 10, '2024-03-03', 'Note for Order 2', 3),
(49, 11, '2024-02-23', 'Note for Order 2', 3),
(32, 12, '2024-03-03', 'Note for Order 3', 3),
(7, 6, '2024-02-26', 'Note for Order 1', 3),
(28, 7, '2024-03-03', 'Note for Order 2', 3),
(1, 8, '2024-02-26', 'Note for Order 2', 3),
(49, 9, '2024-03-06', 'Note for Order 2', 3),
(47, 10, '2024-02-23', 'Note for Order 2', 3),
(18, 11, '2024-02-25', 'Note for Order 2', 3),
(23, 12, '2024-03-04', 'Note for Order 3', 3),
(10, 6, '2024-02-27', 'Note for Order 1', 3),
(41, 7, '2024-03-02', 'Note for Order 2', 3),
(8, 8, '2024-03-03', 'Note for Order 2', 3),
(37, 9, '2024-02-27', 'Note for Order 2', 3),
(48, 10, '2024-02-28', 'Note for Order 2', 3),
(37, 11, '2024-02-26', 'Note for Order 2', 3),
(31, 12, '2024-03-02', 'Note for Order 3', 3),
(43, 6, '2024-02-27', 'Note for Order 1', 3),
(30, 7, '2024-03-03', 'Note for Order 2', 3),
(17, 8, '2024-02-23', 'Note for Order 2', 3),
(52, 9, '2024-03-01', 'Note for Order 2', 3),
(26, 10, '2024-03-04', 'Note for Order 2', 3),
(29, 11, '2024-02-25', 'Note for Order 2', 3),
(45, 12, '2024-03-02', 'Note for Order 3', 3),
(20, 6, '2024-02-18', 'Note for Order 1', 3),
(36, 7, '2024-03-02', 'Note for Order 2', 3),
(35, 8, '2024-02-28', 'Note for Order 2', 3),
(3, 9, '2024-03-05', 'Note for Order 2', 3),
(4, 10, '2024-03-02', 'Note for Order 2', 3),
(25, 11, '2024-03-03', 'Note for Order 2', 3),
(35, 12, '2024-02-26', 'Note for Order 3', 3),
(42, 6, '2024-02-20', 'Note for Order 1', 3),
(29, 7, '2024-03-03', 'Note for Order 2', 3),
(16, 8, '2024-02-22', 'Note for Order 2', 3),
(46, 9, '2024-03-05', 'Note for Order 2', 3),
(19, 10, '2024-02-27', 'Note for Order 2', 3),
(34, 11, '2024-03-05', 'Note for Order 2', 3),
(38, 12, '2024-02-23', 'Note for Order 3', 3),
(39, 6, '2024-02-17', 'Note for Order 1', 3),
(40, 7, '2024-02-28', 'Note for Order 2', 3),
(27, 8, '2024-02-26', 'Note for Order 2', 3),
(51, 9, '2024-03-06', 'Note for Order 2', 3),
(43, 10, '2024-02-25', 'Note for Order 2', 3),
(50, 11, '2024-03-03', 'Note for Order 2', 3),
(52, 12, '2024-03-05', 'Note for Order 3', 3),
(38, 6, '2024-02-17', 'Note for Order 1', 3),
(49, 7, '2024-03-04', 'Note for Order 2', 3),
(47, 8, '2024-02-28', 'Note for Order 2', 3),
(33, 9, '2024-02-28', 'Note for Order 2', 3),
(30, 10, '2024-03-03', 'Note for Order 2', 3),
(22, 11, '2024-02-22', 'Note for Order 2', 3),
(44, 12, '2024-03-05', 'Note for Order 3', 3),
(54, 6, '2024-02-18', 'Note for Order 1', 3),
(20, 7, '2024-02-27', 'Note for Order 2', 3),
(41, 8, '2024-02-29', 'Note for Order 2', 3),
(5, 9, '2024-02-29', 'Note for Order 2', 3),
(42, 10, '2024-03-02', 'Note for Order 2', 3),
(40, 11, '2024-03-05', 'Note for Order 2', 3),
(26, 12, '2024-03-03', 'Note for Order 3', 3),
(8, 6, '2024-02-27', 'Note for Order 1', 3),
(10, 7, '2024-02-26', 'Note for Order 2', 3),
(11, 8, '2024-02-24', 'Note for Order 2', 3),
(12, 9, '2024-02-25', 'Note for Order 2', 3),
(13, 10, '2024-02-28', 'Note for Order 2', 3),
(14, 11, '2024-02-27', 'Note for Order 2', 3),
(15, 12, '2024-03-04', 'Note for Order 3', 3),
(32, 6, '2024-02-21', 'Note for Order 1', 3),
(17, 7, '2024-03-02', 'Note for Order 2', 3),
(23, 8, '2024-02-28', 'Note for Order 2', 3),
(36, 9, '2024-02-23', 'Note for Order 2', 3),
(52, 10, '2024-03-05', 'Note for Order 2', 3),
(31, 11, '2024-03-03', 'Note for Order 2', 3),
(24, 12, '2024-03-02', 'Note for Order 3', 3),
(3, 6, '2024-02-18', 'Note for Order 1', 3),
(37, 7, '2024-03-04', 'Note for Order 2', 3),
(25, 8, '2024-02-25', 'Note for Order 2', 3),
(53, 9, '2024-03-06', 'Note for Order 2', 3),
(24, 10, '2024-02-22', 'Note for Order 2', 3),
(6, 11, '2024-02-23', 'Note for Order 2', 3),
(27, 12, '2024-03-04', 'Note for Order 3', 3),
(7, 6, '2024-02-24', 'Note for Order 1', 3),
(34, 7, '2024-03-02', 'Note for Order 2', 3),
(4, 8, '2024-03-01', 'Note for Order 2', 3),
(19, 9, '2024-03-06', 'Note for Order 2', 3),
(28, 10, '2024-02-27', 'Note for Order 2', 3),
(2, 11, '2024-03-03', 'Note for Order 2', 3),
(14, 12, '2024-03-04', 'Note for Order 3', 3),
(12, 6, '2024-02-22', 'Note for Order 1', 3),
(16, 7, '2024-02-29', 'Note for Order 2', 3),
(45, 8, '2024-02-28', 'Note for Order 2', 3);
    GO
INSERT INTO [dbo].[OrderDetail] ([orderID], [productID], [quantity], [price])
VALUES 
    (1, 1, 2, 900),
    (1, 2, 2, 600),
    (2, 3, 2, 300),
    (2, 4, 1, 800),
    (3, 5, 3, 900),
    (3, 6, 2, 200),
    (4, 7, 2, 400),
    (4, 8, 2, 500),
    (5, 9, 2, 600),
    (5, 10, 2, 500),
    (6, 11, 2, 600),
    (6, 12, 2, 700),
    (7, 13, 2, 300),
    (7, 14, 1, 500),
	(8, 1, 2, 900),
    (8, 2, 2, 600),
    (9, 3, 2, 300),
    (9, 4, 1, 800),
    (10, 5, 3, 900),
    (10, 6, 2, 200),
    (11, 7, 2, 400),
    (11, 8, 2, 500),
    (12, 9, 2, 600),
    (12, 10, 2, 500),
    (13, 11, 2, 600),
    (13, 12, 2, 700),
    (14, 13, 2, 300),
    (14, 14, 1, 500),
	(8, 1, 2, 900),
    (8, 2, 2, 600),
    (9, 3, 2, 300),
    (9, 4, 1, 800),
    (10, 5, 3, 900),
    (10, 6, 2, 200),
    (11, 7, 2, 400),
    (11, 8, 2, 500),
    (12, 9, 2, 600),
    (12, 10, 2, 500),
    (13, 11, 2, 600),
    (13, 12, 2, 700),
    (14, 13, 2, 300),
    (14, 14, 1, 500),
	(73, 14, 4, 752),
(31, 16, 5, 319),
(97, 12, 1, 644),
(26, 7, 4, 457),
(42, 19, 3, 346),
(42, 6, 4, 394),
(63, 17, 5, 473),
(84, 10, 2, 448),
(78, 20, 4, 417),
(102, 19, 3, 670),
(103, 17, 1, 759),
(73, 8, 3, 841),
(44, 3, 3, 573),
(59, 9, 5, 301),
(105, 4, 3, 641),
(93, 21, 2, 773),
(78, 14, 5, 350),
(53, 10, 5, 751),
(83, 4, 1, 398),
(25, 15, 5, 555),
(85, 16, 3, 570),
(54, 22, 1, 893),
(33, 19, 2, 898),
(58, 20, 2, 665),
(80, 24, 5, 868),
(99, 8, 1, 415),
(95, 13, 4, 603),
(38, 7, 2, 516),
(52, 23, 1, 441),
(55, 18, 5, 484),
(93, 24, 4, 355),
(65, 2, 4, 892),
(108, 21, 3, 398),
(42, 1, 5, 433),
(85, 3, 2, 854),
(81, 13, 2, 452),
(98, 14, 5, 366),
(64, 6, 3, 317),
(98, 5, 4, 788),
(49, 23, 5, 476),
(67, 11, 2, 420),
(59, 22, 5, 611),
(66, 16, 3, 412),
(53, 24, 4, 670),
(80, 11, 4, 379),
(78, 21, 3, 662),
(66, 3, 2, 382),
(88, 10, 3, 743),
(64, 15, 3, 812),
(97, 22, 3, 487),
(96, 25, 5, 550),
(90, 5, 4, 589),
(104, 14, 5, 653),
(81, 20, 2, 522),
(29, 21, 5, 338),
(86, 18, 1, 613),
(104, 6, 3, 724),
(77, 2, 5, 871),
(47, 8, 4, 354),
(52, 4, 3, 684),
(71, 9, 4, 412),
(79, 23, 4, 489),
(53, 17, 5, 401),
(28, 11, 2, 346),
(69, 19, 3, 668),
(55, 15, 5, 642),
(71, 16, 4, 660),
(61, 6, 2, 358),
(35, 22, 3, 434),
(84, 24, 1, 486),
(34, 2, 4, 357),
(56, 7, 5, 398),
(51, 23, 1, 494),
(57, 18, 5, 533),
(101, 24, 3, 645),
(92, 8, 3, 634),
(74, 13, 1, 774),
(88, 1, 4, 450),
(74, 3, 1, 521),
(89, 12, 2, 480),
(79, 5, 5, 412),
(41, 14, 2, 651),
(101, 19, 3, 798),
(79, 6, 4, 496),
(65, 17, 4, 381),
(72, 21, 2, 731),
(89, 15, 2, 358),
(57, 10, 3, 643),
(84, 22, 3, 821),
(96, 3, 5, 655),
(107, 9, 3, 646),
(72, 17, 3, 656),
(55, 8, 3, 726),
(72, 18, 1, 456),
(87, 13, 1, 655),
(85, 24, 4, 590),
(100, 6, 1, 440),
(104, 22, 2, 644),
(107, 13, 1, 620),
(60, 25, 2, 320),
(95, 2, 5, 898),
(57, 20, 4, 444),
(103, 7, 3, 331),
(64, 14, 3, 853),
(67, 19, 3, 491),
(68, 5, 5, 883),
(32, 16, 3, 734),
(67, 3, 3, 577),
(83, 22, 5, 775),
(92, 17, 1, 519),
(101, 25, 5, 685),
(88, 9, 5, 678),
(87, 2, 4, 674),
(70, 21, 5, 742),
(89, 16, 4, 465),
(107, 1, 2, 653),
(43, 12, 5, 512),
(94, 20, 2, 428),
(33, 14, 3, 563),
(102, 2, 1, 627),
(69, 9, 2, 873),
(71, 15, 1, 319),
(107, 6, 5, 698),
(106, 14, 1, 610),
(91, 25, 2, 865),
(100, 1, 1, 770),
(103, 18, 5, 875),
(75, 8, 3, 324),
(70, 19, 1, 340),
(92, 6, 3, 879),
(76, 14, 4, 644),
(93, 16, 4, 453),
(62, 9, 2, 439),
(90, 20, 3, 693),
(105, 23, 2, 372),
(72, 8, 4, 741),
(82, 10, 3, 667),
(85, 21, 3, 424),
(86, 14, 4, 853),
(71, 5, 2, 784),
(102, 11, 4, 832),
(97, 16, 1, 749),
(88, 24, 5, 833),
(75, 9, 4, 659),
(107, 15, 3, 415),
(87, 11, 4, 440),
(86, 7, 3, 527),
(90, 15, 4, 343),
(78, 16, 5, 882),
(84, 20, 4, 757),
(108, 23, 3, 469),
(107, 7, 2, 875),
(65, 11, 3, 760),
(94, 22, 4, 418),
(105, 1, 5, 376),
(94, 9, 2, 399),
(82, 15, 1, 473),
(62, 20, 4, 450),
(70, 11, 3, 854),
(68, 22, 4, 423),
(107, 12, 2, 678),
(109, 14, 3, 321),
(93, 18, 1, 418),
(101, 11, 5, 440),
(94, 8, 3, 555),
(90, 13, 1, 631),
(101, 19, 3, 500),
(67, 24, 2, 336),
(93, 1, 4, 606),
(74, 22, 1, 631),
(69, 12, 3, 450),
(106, 9, 2, 398),
(96, 16, 3, 553),
(66, 13, 4, 561),
(100, 23, 3, 654),
(69, 10, 5, 441),
(80, 5, 4, 398),
(91, 18, 1, 330),
(71, 21, 5, 350),
(89, 7, 3, 573),
(101, 5, 4, 685),
(94, 24, 2, 688),
(68, 18, 5, 674),
(74, 5, 1, 440),
(105, 14, 2, 367),
(85, 8, 3, 582),
(100, 10, 3, 875),
(66, 19, 3, 655),
(80, 14, 4, 334),
(66, 25, 3, 334),
(109, 3, 3, 312),
(97, 10, 1, 630),
(99, 21, 3, 344),
(76, 5, 2, 361),
(74, 17, 3, 376),
(69, 13, 2, 879),
(93, 10, 5, 625),
(109, 20, 4, 833),
(98, 2, 3, 499),
(78, 19, 3, 443),
(90, 14, 1, 778),
(98, 25, 2, 641),
(101, 6, 5, 421),
(71, 19, 3, 376),
(91, 8, 3, 362),
(90, 3, 5, 454),
(107, 19, 5, 563),
(98, 10, 2, 656),
(86, 13, 5, 682),
(65, 5, 2, 789),
(76, 11, 1, 422),
(100, 21, 5, 877),
(78, 7, 2, 760),
(94, 14, 5, 887),
(108, 3, 1, 321),
(94, 21, 4, 611),
(88, 12, 2, 643),
(69, 24, 2, 337),
(83, 4, 1, 467),
(85, 16, 2, 779),
(94, 17, 4, 330),
(97, 4, 2, 711),
(70, 13, 2, 329),
(108, 22, 5, 397),
(109, 1, 3, 353),
(90, 8, 4, 513),
(69, 20, 3, 560),
(90, 15, 2, 378),
(96, 2, 5, 333),
(98, 16, 4, 757),
(68, 10, 1, 444),
(105, 25, 3, 366),
(99, 2, 2, 547),
(75, 20, 5, 324),
(73, 6, 2, 335),
(91, 9, 3, 426),
(71, 21, 3, 417),
(70, 18, 5, 421),
(73, 16, 2, 447),
(94, 11, 2, 634),
(92, 23, 1, 450),
(87, 3, 2, 890),
(90, 25, 2, 735),
(77, 14, 5, 634),
(70, 8, 4, 887),
(80, 19, 3, 452),
(92, 21, 1, 440),
(95, 1, 5, 320),
(99, 4, 3, 891);
    GO

